Variable,Coef,SE,Complexity
const,0.07,0.06,Low
S&P500 Log Return,-3.61***,0.13,Low
Total Assets,-0.00,0.00,Low
sic_1,-0.06,0.07,Low
sic_2,0.02,0.06,Low
sic_3,0.02,0.06,Low
sic_4,0.01,0.07,Low
sic_5,-0.07,0.07,Low
sic_7,-0.01,0.06,Low
sic_8,-0.09,0.07,Low
sic_9,-0.12,0.28,Low
1_neg,-0.89,0.71,Low
1A_neg,-0.09,0.07,Low
1B_neg,-0.00,0.00,Low
2_neg,0.00,0.00,Low
3_neg,0.00,0.00,Low
4_neg,-0.00,0.00,Low
5_neg,-0.00,0.00,Low
6_neg,-0.00,0.00,Low
7_neg,-0.16,0.11,Low
7A_neg,0.12,0.32,Low
8_neg,0.00,0.00,Low
9_neg,0.00,0.00,Low
9A_neg,0.00,0.00,Low
9B_neg,0.00,0.00,Low
10_neg,0.00,0.00,Low
11_neg,0.00,0.00,Low
12_neg,0.00,0.00,Low
13_neg,0.00,0.00,Low
14_neg,0.00,0.00,Low
1_pos,-0.10,0.16,Low
1A_pos,-0.78**,0.36,Low
1B_pos,0.00,0.00,Low
2_pos,0.00,0.00,Low
3_pos,0.00,0.00,Low
4_pos,0.00,0.00,Low
5_pos,0.00,0.00,Low
6_pos,0.00,0.00,Low
7_pos,-0.19**,0.07,Low
7A_pos,0.65,0.51,Low
8_pos,0.00,0.00,Low
9_pos,0.00,0.00,Low
9A_pos,0.00,0.00,Low
9B_pos,0.00,0.00,Low
10_pos,0.00,0.00,Low
11_pos,0.12,0.71,Low
12_pos,0.00,0.00,Low
13_pos,0.00,0.00,Low
14_pos,0.00,0.00,Low
adjusted $R^2$,0.11,,Low
const,0.15**,0.06,High
S&P500 Log Return,-4.02***,0.10,High
Total Assets,-0.00,0.00,High
sic_1,-0.19**,0.07,High
sic_2,-0.12*,0.06,High
sic_3,-0.10*,0.06,High
sic_4,-0.08,0.07,High
sic_5,-0.13*,0.06,High
sic_7,-0.11*,0.06,High
sic_8,-0.08,0.07,High
sic_9,-0.36,0.26,High
1_neg,-0.45,0.62,High
1A_neg,-0.06,0.04,High
1B_neg,-0.00,0.00,High
2_neg,-0.00,0.00,High
3_neg,-0.00,0.00,High
4_neg,-0.00,0.00,High
5_neg,0.00,0.00,High
6_neg,-0.01,0.25,High
7_neg,-0.05,0.09,High
7A_neg,-0.15,0.19,High
8_neg,-0.00,0.00,High
9_neg,-0.00,0.00,High
9A_neg,0.05,0.61,High
9B_neg,0.42,0.62,High
10_neg,0.00,0.00,High
11_neg,0.00,0.00,High
12_neg,0.00,0.00,High
13_neg,0.00,0.00,High
14_neg,0.00,0.00,High
1_pos,-0.08,0.11,High
1A_pos,0.52**,0.25,High
1B_pos,0.00,0.00,High
2_pos,0.00,0.00,High
3_pos,0.00,0.00,High
4_pos,0.00,0.00,High
5_pos,0.00,0.00,High
6_pos,0.00,0.00,High
7_pos,-0.01,0.05,High
7A_pos,-0.08,0.27,High
8_pos,0.00,0.00,High
9_pos,0.00,0.00,High
9A_pos,0.00,0.00,High
9B_pos,-0.09,0.35,High
10_pos,0.00,0.00,High
11_pos,0.03,0.61,High
12_pos,0.00,0.00,High
13_pos,0.00,0.00,High
14_pos,0.00,0.00,High
adjusted $R^2$,0.18,,High
