Variable,Coef,SE,Complexity
const,-0.09,0.14,Low
S&P500 Log Return,1.56,1.01,Low
Total Assets,0.00,0.00,Low
sic_1,0.13,0.17,Low
sic_2,0.10,0.14,Low
sic_3,0.15,0.15,Low
sic_4,0.19,0.16,Low
sic_5,0.11,0.15,Low
sic_7,0.16,0.15,Low
sic_8,0.14,0.16,Low
sic_9,0.25,0.63,Low
1_neg,0.66,0.94,Low
1A_neg,0.00,0.07,Low
1B_neg,-0.00,0.00,Low
2_neg,-0.00,0.00,Low
3_neg,-0.13,1.15,Low
4_neg,-0.00,0.00,Low
5_neg,-0.00,0.00,Low
6_neg,-0.00,0.00,Low
7_neg,0.22,0.21,Low
7A_neg,0.07,0.52,Low
8_neg,0.00,0.00,Low
9_neg,-0.00,0.00,Low
9A_neg,-0.00,0.00,Low
9B_neg,0.00,0.00,Low
10_neg,0.00,0.00,Low
11_neg,0.00,0.00,Low
12_neg,0.00,0.00,Low
13_neg,0.00,0.00,Low
14_neg,0.00,0.00,Low
1_pos,0.20**,0.09,Low
1A_pos,0.45,0.30,Low
1B_pos,0.00,0.00,Low
2_pos,0.20,0.62,Low
3_pos,0.00,0.00,Low
4_pos,2.11,1.63,Low
5_pos,0.00,0.00,Low
6_pos,-0.66,0.94,Low
7_pos,-0.05,0.09,Low
7A_pos,-0.26,0.52,Low
8_pos,0.00,0.00,Low
9_pos,0.00,0.00,Low
9A_pos,0.00,0.00,Low
9B_pos,0.13,1.15,Low
10_pos,0.00,0.00,Low
11_pos,-1.63,1.63,Low
12_pos,0.00,0.00,Low
13_pos,0.00,0.00,Low
14_pos,0.00,0.00,Low
adjusted $R^2$,-0.00,,Low
const,-0.03,0.15,High
S&P500 Log Return,-0.86,0.90,High
Total Assets,-0.00,0.00,High
sic_1,0.16,0.18,High
sic_2,0.07,0.15,High
sic_3,0.14,0.15,High
sic_4,0.18,0.16,High
sic_5,0.04,0.16,High
sic_7,0.14,0.15,High
sic_8,0.15,0.18,High
sic_9,-0.21,0.64,High
1_neg,-0.67,0.58,High
1A_neg,-0.07,0.05,High
1B_neg,0.00,0.00,High
2_neg,-0.00,0.00,High
3_neg,0.00,0.00,High
4_neg,-0.00,0.00,High
5_neg,0.00,0.00,High
6_neg,-1.11,1.07,High
7_neg,0.45**,0.19,High
7A_neg,0.12,0.35,High
8_neg,-0.00,0.00,High
9_neg,0.00,0.00,High
9A_neg,-2.05,1.51,High
9B_neg,-0.00,1.52,High
10_neg,0.00,0.00,High
11_neg,-2.32,1.51,High
12_neg,0.00,0.00,High
13_neg,0.00*,0.00,High
14_neg,0.00,0.00,High
1_pos,0.02,0.06,High
1A_pos,-0.07,0.19,High
1B_pos,0.00,0.00,High
2_pos,-0.95,0.68,High
3_pos,1.10,1.52,High
4_pos,0.00,0.00,High
5_pos,0.00,0.00,High
6_pos,0.03,0.46,High
7_pos,-0.00,0.06,High
7A_pos,0.25,0.41,High
8_pos,0.09,1.51,High
9_pos,0.00,0.00,High
9A_pos,-1.20,1.52,High
9B_pos,-0.58,0.54,High
10_pos,-1.35,1.52,High
11_pos,-0.18,0.68,High
12_pos,0.00,0.00,High
13_pos,0.00,0.00,High
14_pos,0.00,0.00,High
adjusted $R^2$,-0.00,,High
