Variable,Coef,SE,Complexity
const,0.12,0.08,Low
S&P500 Log Return,-4.32***,0.18,Low
Total Assets,0.00,0.00,Low
sic_1,-0.11,0.10,Low
sic_2,0.01,0.08,Low
sic_3,-0.01,0.08,Low
sic_4,0.01,0.09,Low
sic_5,-0.11,0.09,Low
sic_7,-0.03,0.09,Low
sic_8,-0.16*,0.09,Low
sic_9,-0.01,0.37,Low
1_neg,-1.39,0.95,Low
1A_neg,-0.18*,0.09,Low
1B_neg,-0.00,0.00,Low
2_neg,-0.00,0.00,Low
3_neg,-0.00,0.00,Low
4_neg,0.00,0.00,Low
5_neg,0.00,0.00,Low
6_neg,-0.00,0.00,Low
7_neg,-0.12,0.14,Low
7A_neg,0.33,0.43,Low
8_neg,0.00,0.00,Low
9_neg,0.00,0.00,Low
9A_neg,0.00,0.00,Low
9B_neg,0.00,0.00,Low
10_neg,0.00,0.00,Low
11_neg,0.00,0.00,Low
12_neg,0.00,0.00,Low
13_neg,0.00,0.00,Low
14_neg,0.00,0.00,Low
1_pos,-0.18,0.22,Low
1A_pos,-0.85*,0.47,Low
1B_pos,0.00,0.00,Low
2_pos,0.00,0.00,Low
3_pos,0.00,0.00,Low
4_pos,0.00,0.00,Low
5_pos,0.00,0.00,Low
6_pos,0.00,0.00,Low
7_pos,-0.25**,0.10,Low
7A_pos,0.79,0.67,Low
8_pos,0.00,0.00,Low
9_pos,0.00,0.00,Low
9A_pos,0.00,0.00,Low
9B_pos,0.00,0.00,Low
10_pos,0.00,0.00,Low
11_pos,0.13,0.95,Low
12_pos,0.00,0.00,Low
13_pos,0.00,0.00,Low
14_pos,0.00,0.00,Low
adjusted $R^2$,0.08,,Low
const,0.26***,0.08,High
S&P500 Log Return,-5.05***,0.16,High
Total Assets,-0.00,0.00,High
sic_1,-0.26**,0.10,High
sic_2,-0.19**,0.08,High
sic_3,-0.15*,0.08,High
sic_4,-0.10,0.09,High
sic_5,-0.18**,0.09,High
sic_7,-0.16*,0.08,High
sic_8,-0.14,0.10,High
sic_9,-0.47,0.35,High
1_neg,-0.36,0.83,High
1A_neg,-0.05,0.05,High
1B_neg,-0.00,0.00,High
2_neg,-0.00,0.00,High
3_neg,-0.00,0.00,High
4_neg,-0.00,0.00,High
5_neg,0.00,0.00,High
6_neg,-0.05,0.34,High
7_neg,-0.07,0.12,High
7A_neg,-0.11,0.26,High
8_neg,0.00,0.00,High
9_neg,0.00,0.00,High
9A_neg,-0.24,0.83,High
9B_neg,0.04,0.83,High
10_neg,0.00,0.00,High
11_neg,0.00,0.00,High
12_neg,0.00,0.00,High
13_neg,0.00,0.00,High
14_neg,0.00,0.00,High
1_pos,-0.13,0.15,High
1A_pos,0.66*,0.34,High
1B_pos,0.00,0.00,High
2_pos,0.00,0.00,High
3_pos,0.00,0.00,High
4_pos,0.00,0.00,High
5_pos,0.00,0.00,High
6_pos,0.00,0.00,High
7_pos,-0.03,0.06,High
7A_pos,-0.03,0.37,High
8_pos,0.00,0.00,High
9_pos,0.00,0.00,High
9A_pos,0.00,0.00,High
9B_pos,-0.06,0.48,High
10_pos,0.00,0.00,High
11_pos,-0.00,0.83,High
12_pos,0.00,0.00,High
13_pos,0.00,0.00,High
14_pos,0.00,0.00,High
adjusted $R^2$,0.12,,High
