Variable,Coef,SE,Complexity
const,0.13,0.08,Low
S&P500 Log Return,-4.30***,0.18,Low
Total Assets,0.00,0.00,Low
sic_1,-0.10,0.10,Low
sic_2,0.01,0.08,Low
sic_3,-0.01,0.08,Low
sic_4,0.01,0.09,Low
sic_5,-0.10,0.09,Low
sic_7,-0.03,0.09,Low
sic_8,-0.16*,0.09,Low
sic_9,-0.02,0.37,Low
1_neg,0.09,0.55,Low
1A_neg,-0.10**,0.04,Low
1B_neg,-0.00,0.00,Low
2_neg,-0.00,0.00,Low
3_neg,-0.17,0.67,Low
4_neg,0.00,0.00,Low
5_neg,0.00,0.00,Low
6_neg,0.00,0.00,Low
7_neg,-0.04,0.12,Low
7A_neg,0.17,0.30,Low
8_neg,-0.00,0.00,Low
9_neg,0.00,0.00,Low
9A_neg,-0.00,0.00,Low
9B_neg,0.00,0.00,Low
10_neg,0.00,0.00,Low
11_neg,0.00,0.00,Low
12_neg,0.00,0.00,Low
13_neg,0.00,0.00,Low
14_neg,0.00,0.00,Low
1_pos,0.02,0.05,Low
1A_pos,-0.07,0.18,Low
1B_pos,0.00,0.00,Low
2_pos,-0.30,0.36,Low
3_pos,0.00,0.00,Low
4_pos,1.17,0.95,Low
5_pos,0.00,0.00,Low
6_pos,0.01,0.55,Low
7_pos,-0.06,0.05,Low
7A_pos,0.10,0.30,Low
8_pos,0.00,0.00,Low
9_pos,0.00,0.00,Low
9A_pos,0.00,0.00,Low
9B_pos,0.03,0.67,Low
10_pos,0.00,0.00,Low
11_pos,0.13,0.95,Low
12_pos,0.00,0.00,Low
13_pos,0.00,0.00,Low
14_pos,0.00,0.00,Low
adjusted $R^2$,0.08,,Low
const,0.27***,0.08,High
S&P500 Log Return,-5.03***,0.16,High
Total Assets,-0.00,0.00,High
sic_1,-0.27**,0.10,High
sic_2,-0.20**,0.08,High
sic_3,-0.16*,0.08,High
sic_4,-0.11,0.09,High
sic_5,-0.19**,0.09,High
sic_7,-0.17**,0.08,High
sic_8,-0.14,0.10,High
sic_9,-0.48,0.35,High
1_neg,-0.59*,0.31,High
1A_neg,-0.04,0.03,High
1B_neg,-0.00,0.00,High
2_neg,-0.00,0.00,High
3_neg,0.00,0.00,High
4_neg,-0.00,0.00,High
5_neg,-0.00,0.00,High
6_neg,-0.22,0.59,High
7_neg,0.00,0.10,High
7A_neg,-0.04,0.19,High
8_neg,0.00,0.00,High
9_neg,-0.00,0.00,High
9A_neg,-0.21,0.83,High
9B_neg,-0.02,0.83,High
10_neg,-0.00,0.00,High
11_neg,-0.93,0.83,High
12_neg,0.00,0.00,High
13_neg,-0.00,0.00,High
14_neg,0.00,0.00,High
1_pos,0.00,0.04,High
1A_pos,0.01,0.11,High
1B_pos,0.00,0.00,High
2_pos,-0.75**,0.37,High
3_pos,0.01,0.83,High
4_pos,0.00,0.00,High
5_pos,0.00,0.00,High
6_pos,-0.07,0.25,High
7_pos,0.01,0.04,High
7A_pos,-0.01,0.22,High
8_pos,0.02,0.83,High
9_pos,0.00,0.00,High
9A_pos,0.21,0.83,High
9B_pos,0.25,0.29,High
10_pos,1.41*,0.83,High
11_pos,-0.17,0.37,High
12_pos,0.00,0.00,High
13_pos,0.00,0.00,High
14_pos,0.00,0.00,High
adjusted $R^2$,0.12,,High
