Variable,Coef,SE,Complexity
const,0.14,0.09,Low
S&P500 Log Return,-3.81***,0.16,Low
Total Assets,0.00,0.00,Low
sic_1,-0.15,0.11,Low
sic_2,-0.00,0.09,Low
sic_3,-0.03,0.09,Low
sic_4,-0.02,0.10,Low
sic_5,-0.13,0.10,Low
sic_7,-0.06,0.09,Low
sic_8,-0.18*,0.10,Low
sic_9,0.10,0.40,Low
1_neg,-1.48,1.04,Low
1A_neg,-0.21**,0.10,Low
1B_neg,-0.00,0.00,Low
2_neg,-0.00,0.00,Low
3_neg,0.00,0.00,Low
4_neg,0.00,0.00,Low
5_neg,-0.00,0.00,Low
6_neg,-0.00,0.00,Low
7_neg,-0.09,0.16,Low
7A_neg,0.40,0.47,Low
8_neg,0.00,0.00,Low
9_neg,0.00,0.00,Low
9A_neg,0.00,0.00,Low
9B_neg,0.00,0.00,Low
10_neg,0.00,0.00,Low
11_neg,0.00,0.00,Low
12_neg,0.00,0.00,Low
13_neg,0.00,0.00,Low
14_neg,0.00,0.00,Low
1_pos,-0.27,0.24,Low
1A_pos,-0.78,0.52,Low
1B_pos,0.00,0.00,Low
2_pos,0.00,0.00,Low
3_pos,0.00,0.00,Low
4_pos,0.00,0.00,Low
5_pos,0.00,0.00,Low
6_pos,0.00,0.00,Low
7_pos,-0.27**,0.11,Low
7A_pos,0.99,0.74,Low
8_pos,0.00,0.00,Low
9_pos,0.00,0.00,Low
9A_pos,0.00,0.00,Low
9B_pos,0.00,0.00,Low
10_pos,0.00,0.00,Low
11_pos,0.14,1.04,Low
12_pos,0.00,0.00,Low
13_pos,0.00,0.00,Low
14_pos,0.00,0.00,Low
adjusted $R^2$,0.09,,Low
const,0.29***,0.09,High
S&P500 Log Return,-4.42***,0.16,High
Total Assets,-0.00,0.00,High
sic_1,-0.31***,0.11,High
sic_2,-0.22**,0.09,High
sic_3,-0.18*,0.09,High
sic_4,-0.17*,0.10,High
sic_5,-0.20**,0.10,High
sic_7,-0.20**,0.09,High
sic_8,-0.20*,0.11,High
sic_9,-0.55,0.38,High
1_neg,-0.33,0.92,High
1A_neg,-0.07,0.06,High
1B_neg,-0.00,0.00,High
2_neg,0.00,0.00,High
3_neg,0.00,0.00,High
4_neg,0.00,0.00,High
5_neg,-0.00,0.00,High
6_neg,-0.02,0.37,High
7_neg,-0.08,0.13,High
7A_neg,-0.14,0.29,High
8_neg,0.00,0.00,High
9_neg,-0.00,0.00,High
9A_neg,-0.47,0.91,High
9B_neg,-0.11,0.92,High
10_neg,0.00,0.00,High
11_neg,0.00,0.00,High
12_neg,0.00,0.00,High
13_neg,0.00,0.00,High
14_neg,0.00,0.00,High
1_pos,-0.14,0.17,High
1A_pos,0.67*,0.37,High
1B_pos,0.00,0.00,High
2_pos,0.00,0.00,High
3_pos,0.00,0.00,High
4_pos,0.00,0.00,High
5_pos,0.00,0.00,High
6_pos,0.00,0.00,High
7_pos,-0.03,0.07,High
7A_pos,-0.09,0.41,High
8_pos,0.00,0.00,High
9_pos,0.00,0.00,High
9A_pos,0.00,0.00,High
9B_pos,-0.04,0.53,High
10_pos,0.00,0.00,High
11_pos,0.19,0.92,High
12_pos,0.00,0.00,High
13_pos,0.00,0.00,High
14_pos,0.00,0.00,High
adjusted $R^2$,0.10,,High
