Variable,Coef,SE,Complexity
const,0.07,0.06,Low
S&P500 Log Return,-3.61***,0.13,Low
Total Assets,-0.00,0.00,Low
sic_1,-0.06,0.07,Low
sic_2,0.02,0.06,Low
sic_3,0.02,0.06,Low
sic_4,0.01,0.07,Low
sic_5,-0.06,0.07,Low
sic_7,-0.01,0.07,Low
sic_8,-0.09,0.07,Low
sic_9,-0.13,0.28,Low
1_neg,0.07,0.41,Low
1A_neg,-0.06*,0.03,Low
1B_neg,0.00,0.00,Low
2_neg,-0.00,0.00,Low
3_neg,-0.26,0.51,Low
4_neg,0.00,0.00,Low
5_neg,0.00,0.00,Low
6_neg,-0.00,0.00,Low
7_neg,-0.05,0.09,Low
7A_neg,0.11,0.23,Low
8_neg,0.00,0.00,Low
9_neg,-0.00,0.00,Low
9A_neg,0.00,0.00,Low
9B_neg,0.00,0.00,Low
10_neg,0.00,0.00,Low
11_neg,0.00,0.00,Low
12_neg,0.00,0.00,Low
13_neg,0.00,0.00,Low
14_neg,0.00,0.00,Low
1_pos,0.02,0.04,Low
1A_pos,-0.14,0.13,Low
1B_pos,0.00,0.00,Low
2_pos,-0.26,0.27,Low
3_pos,0.00,0.00,Low
4_pos,0.99,0.72,Low
5_pos,0.00,0.00,Low
6_pos,-0.05,0.41,Low
7_pos,-0.04,0.04,Low
7A_pos,0.05,0.23,Low
8_pos,0.00,0.00,Low
9_pos,0.00,0.00,Low
9A_pos,0.00,0.00,Low
9B_pos,0.04,0.51,Low
10_pos,0.00,0.00,Low
11_pos,0.12,0.71,Low
12_pos,0.00,0.00,Low
13_pos,0.00,0.00,Low
14_pos,0.00,0.00,Low
adjusted $R^2$,0.10,,Low
const,0.15**,0.06,High
S&P500 Log Return,-4.01***,0.10,High
Total Assets,-0.00,0.00,High
sic_1,-0.19**,0.07,High
sic_2,-0.13**,0.06,High
sic_3,-0.11*,0.06,High
sic_4,-0.08,0.07,High
sic_5,-0.13**,0.06,High
sic_7,-0.11*,0.06,High
sic_8,-0.08,0.07,High
sic_9,-0.36,0.26,High
1_neg,-0.39*,0.23,High
1A_neg,-0.03,0.02,High
1B_neg,0.00,0.00,High
2_neg,0.00,0.00,High
3_neg,-0.00,0.00,High
4_neg,0.00,0.00,High
5_neg,-0.00,0.00,High
6_neg,-0.03,0.43,High
7_neg,-0.00,0.08,High
7A_neg,-0.07,0.14,High
8_neg,0.00,0.00,High
9_neg,-0.00,0.00,High
9A_neg,0.08,0.61,High
9B_neg,0.38,0.61,High
10_neg,-0.00,0.00,High
11_neg,-0.08,0.61,High
12_neg,-0.00,0.00,High
13_neg,-0.00,0.00,High
14_neg,-0.00,0.00,High
1_pos,-0.01,0.03,High
1A_pos,-0.03,0.08,High
1B_pos,0.00,0.00,High
2_pos,-0.33,0.27,High
3_pos,0.05,0.61,High
4_pos,0.00,0.00,High
5_pos,0.00,0.00,High
6_pos,-0.06,0.19,High
7_pos,-0.00,0.03,High
7A_pos,-0.07,0.16,High
8_pos,-0.06,0.61,High
9_pos,0.00,0.00,High
9A_pos,0.18,0.61,High
9B_pos,0.17,0.22,High
10_pos,0.64,0.61,High
11_pos,-0.14,0.27,High
12_pos,0.00,0.00,High
13_pos,0.00,0.00,High
14_pos,0.00,0.00,High
adjusted $R^2$,0.18,,High
