Variable,Coef,SE,Complexity
const,-0.14,0.14,Low
S&P500 Log Return,1.55,1.01,Low
Total Assets,0.00,0.00,Low
sic_1,0.19,0.17,Low
sic_2,0.15,0.14,Low
sic_3,0.21,0.15,Low
sic_4,0.24,0.16,Low
sic_5,0.17,0.16,Low
sic_7,0.22,0.15,Low
sic_8,0.19,0.16,Low
sic_9,0.34,0.63,Low
1_neg,-0.58,1.63,Low
1A_neg,-0.00,0.00,Low
1B_neg,-0.01,0.31,Low
2_neg,0.22**,0.11,Low
3_neg,0.11,0.10,Low
4_neg,0.20,0.30,Low
5_neg,-0.76,0.73,Low
6_neg,0.85***,0.28,Low
7_neg,0.39,1.15,Low
7A_neg,0.11,0.08,Low
8_neg,0.02,0.09,Low
9_neg,-0.23,0.17,Low
9A_neg,-0.00,0.00,Low
9B_neg,-0.06,0.24,Low
10_neg,0.01,0.08,Low
11_neg,-0.02,0.06,Low
12_neg,-0.15,0.18,Low
13_neg,0.13,0.23,Low
14_neg,0.12,0.14,Low
1_pos,0.00,0.00,Low
1A_pos,-0.00,0.00,Low
1B_pos,0.00,0.00,Low
2_pos,0.00,0.00,Low
3_pos,0.06,0.62,Low
4_pos,-0.05,0.63,Low
5_pos,0.00,0.00,Low
6_pos,0.00,0.73,Low
7_pos,0.00,0.00,Low
7A_pos,0.00,0.00,Low
8_pos,0.00,0.00,Low
9_pos,0.00,0.00,Low
9A_pos,0.00,0.00,Low
9B_pos,0.48,0.60,Low
10_pos,0.00,0.00,Low
11_pos,1.37,1.63,Low
12_pos,0.00,0.00,Low
13_pos,0.00,0.00,Low
14_pos,0.00,0.00,Low
adjusted $R^2$,0.00,,Low
const,-0.01,0.15,High
S&P500 Log Return,-1.03,0.90,High
Total Assets,-0.00,0.00,High
sic_1,0.16,0.18,High
sic_2,0.06,0.15,High
sic_3,0.13,0.15,High
sic_4,0.17,0.16,High
sic_5,0.04,0.16,High
sic_7,0.14,0.15,High
sic_8,0.12,0.18,High
sic_9,-0.25,0.64,High
1_neg,1.63**,0.77,High
1A_neg,-0.00,0.00,High
1B_neg,0.13,0.32,High
2_neg,0.01,0.11,High
3_neg,0.00,0.07,High
4_neg,-0.05,0.22,High
5_neg,0.39,1.08,High
6_neg,0.33,0.25,High
7_neg,0.10,0.76,High
7A_neg,0.07,0.09,High
8_neg,0.07,0.12,High
9_neg,0.11,0.14,High
9A_neg,-0.00,0.00,High
9B_neg,0.27,0.26,High
10_neg,0.01,0.06,High
11_neg,-0.11**,0.05,High
12_neg,-0.05,0.15,High
13_neg,0.08,0.17,High
14_neg,-0.17*,0.10,High
1_pos,-0.00,0.00,High
1A_pos,0.00,0.00,High
1B_pos,-2.16,1.51,High
2_pos,0.00,0.00,High
3_pos,0.24,0.65,High
4_pos,-1.45,1.15,High
5_pos,0.00,0.00,High
6_pos,0.90,0.60,High
7_pos,0.00,0.00,High
7A_pos,0.00,0.00,High
8_pos,0.00,0.00,High
9_pos,0.00,0.00,High
9A_pos,0.00,0.00,High
9B_pos,0.65,0.77,High
10_pos,0.00,0.00,High
11_pos,-0.56,1.51,High
12_pos,0.00,0.00,High
13_pos,0.00,0.00,High
14_pos,1.05,1.90,High
adjusted $R^2$,0.00,,High
