Variable,Coef,SE,Complexity
const,0.08,0.06,Low
S&P500 Log Return,-3.63***,0.13,Low
Total Assets,-0.00,0.00,Low
sic_1,-0.07,0.07,Low
sic_2,0.02,0.06,Low
sic_3,0.01,0.06,Low
sic_4,-0.02,0.07,Low
sic_5,-0.08,0.07,Low
sic_7,-0.03,0.07,Low
sic_8,-0.10,0.07,Low
sic_9,-0.08,0.28,Low
1_neg,-0.66,0.71,Low
1A_neg,-0.00,0.00,Low
1B_neg,0.23*,0.14,Low
2_neg,0.00,0.05,Low
3_neg,0.06,0.05,Low
4_neg,0.16,0.13,Low
5_neg,0.01,0.32,Low
6_neg,0.08,0.12,Low
7_neg,-0.10,0.51,Low
7A_neg,-0.02,0.04,Low
8_neg,-0.02,0.04,Low
9_neg,-0.10,0.07,Low
9A_neg,0.00,0.00,Low
9B_neg,0.04,0.11,Low
10_neg,0.02,0.03,Low
11_neg,-0.06**,0.02,Low
12_neg,-0.05,0.08,Low
13_neg,-0.05,0.10,Low
14_neg,-0.03,0.06,Low
1_pos,-0.00,0.00,Low
1A_pos,-0.00,0.00,Low
1B_pos,0.00,0.00,Low
2_pos,0.00,0.00,Low
3_pos,-0.44,0.27,Low
4_pos,0.19,0.28,Low
5_pos,0.00,0.00,Low
6_pos,0.24,0.32,Low
7_pos,0.00,0.00,Low
7A_pos,0.00,0.00,Low
8_pos,0.00,0.00,Low
9_pos,0.00,0.00,Low
9A_pos,0.00,0.00,Low
9B_pos,0.18,0.26,Low
10_pos,0.00,0.00,Low
11_pos,0.15,0.72,Low
12_pos,0.00,0.00,Low
13_pos,0.00,0.00,Low
14_pos,0.00,0.00,Low
adjusted $R^2$,0.11,,Low
const,0.16**,0.06,High
S&P500 Log Return,-4.04***,0.10,High
Total Assets,-0.00,0.00,High
sic_1,-0.21***,0.07,High
sic_2,-0.14**,0.06,High
sic_3,-0.13**,0.06,High
sic_4,-0.10,0.07,High
sic_5,-0.16**,0.07,High
sic_7,-0.12*,0.06,High
sic_8,-0.10,0.07,High
sic_9,-0.40,0.26,High
1_neg,0.26,0.31,High
1A_neg,-0.00,0.00,High
1B_neg,-0.05,0.13,High
2_neg,-0.05,0.05,High
3_neg,0.03,0.03,High
4_neg,0.03,0.09,High
5_neg,0.29,0.44,High
6_neg,-0.11,0.10,High
7_neg,-0.24,0.31,High
7A_neg,0.13***,0.04,High
8_neg,0.03,0.05,High
9_neg,-0.03,0.06,High
9A_neg,0.00,0.00,High
9B_neg,0.13,0.10,High
10_neg,0.00,0.03,High
11_neg,-0.02,0.02,High
12_neg,-0.09,0.06,High
13_neg,0.01,0.07,High
14_neg,-0.02,0.04,High
1_pos,-0.00,0.00,High
1A_pos,-0.00,0.00,High
1B_pos,-0.06,0.61,High
2_pos,-0.00,0.00,High
3_pos,-0.01,0.26,High
4_pos,-0.43,0.47,High
5_pos,0.00,0.00,High
6_pos,0.37,0.24,High
7_pos,0.00,0.00,High
7A_pos,0.00,0.00,High
8_pos,0.00,0.00,High
9_pos,0.00,0.00,High
9A_pos,0.00,0.00,High
9B_pos,0.35,0.31,High
10_pos,0.00,0.00,High
11_pos,-0.68,0.61,High
12_pos,0.00,0.00,High
13_pos,0.00,0.00,High
14_pos,-0.06,0.77,High
adjusted $R^2$,0.18,,High
