Variable,Coef,SE,Complexity
const,0.13,0.08,Low
S&P500 Log Return,-4.32***,0.18,Low
Total Assets,0.00,0.00,Low
sic_1,-0.11,0.10,Low
sic_2,0.02,0.08,Low
sic_3,-0.02,0.09,Low
sic_4,-0.01,0.10,Low
sic_5,-0.11,0.09,Low
sic_7,-0.03,0.09,Low
sic_8,-0.16*,0.10,Low
sic_9,0.04,0.37,Low
1_neg,-1.05,0.95,Low
1A_neg,-0.00,0.00,Low
1B_neg,0.27,0.18,Low
2_neg,0.04,0.06,Low
3_neg,0.09,0.06,Low
4_neg,0.10,0.17,Low
5_neg,-0.05,0.42,Low
6_neg,0.06,0.16,Low
7_neg,0.09,0.67,Low
7A_neg,-0.03,0.05,Low
8_neg,-0.02,0.05,Low
9_neg,-0.12,0.10,Low
9A_neg,-0.00,0.00,Low
9B_neg,0.10,0.14,Low
10_neg,0.03,0.05,Low
11_neg,-0.08**,0.03,Low
12_neg,-0.02,0.10,Low
13_neg,-0.08,0.13,Low
14_neg,-0.03,0.08,Low
1_pos,-0.00,0.00,Low
1A_pos,-0.00,0.00,Low
1B_pos,0.00,0.00,Low
2_pos,0.00,0.00,Low
3_pos,-0.40,0.36,Low
4_pos,0.15,0.37,Low
5_pos,0.00,0.00,Low
6_pos,0.32,0.43,Low
7_pos,0.00,0.00,Low
7A_pos,0.00,0.00,Low
8_pos,0.00,0.00,Low
9_pos,0.00,0.00,Low
9A_pos,0.00,0.00,Low
9B_pos,0.37,0.35,Low
10_pos,0.00,0.00,Low
11_pos,0.40,0.95,Low
12_pos,0.00,0.00,Low
13_pos,0.00,0.00,Low
14_pos,0.00,0.00,Low
adjusted $R^2$,0.08,,Low
const,0.28***,0.08,High
S&P500 Log Return,-5.09***,0.16,High
Total Assets,-0.00,0.00,High
sic_1,-0.29***,0.10,High
sic_2,-0.22**,0.08,High
sic_3,-0.18**,0.08,High
sic_4,-0.13,0.09,High
sic_5,-0.21**,0.09,High
sic_7,-0.18**,0.08,High
sic_8,-0.17*,0.10,High
sic_9,-0.52,0.35,High
1_neg,0.51,0.42,High
1A_neg,0.00,0.00,High
1B_neg,-0.06,0.17,High
2_neg,-0.05,0.06,High
3_neg,0.03,0.04,High
4_neg,0.05,0.12,High
5_neg,0.28,0.59,High
6_neg,-0.20,0.14,High
7_neg,-0.21,0.41,High
7A_neg,0.19***,0.05,High
8_neg,0.05,0.06,High
9_neg,-0.03,0.08,High
9A_neg,-0.00,0.00,High
9B_neg,0.12,0.14,High
10_neg,0.02,0.04,High
11_neg,-0.02,0.03,High
12_neg,-0.16**,0.08,High
13_neg,0.02,0.09,High
14_neg,0.00,0.06,High
1_pos,-0.00,0.00,High
1A_pos,0.00,0.00,High
1B_pos,-0.38,0.83,High
2_pos,0.00*,0.00,High
3_pos,0.01,0.35,High
4_pos,-0.50,0.63,High
5_pos,0.00,0.00,High
6_pos,0.39,0.33,High
7_pos,0.00,0.00,High
7A_pos,0.00,0.00,High
8_pos,0.00,0.00,High
9_pos,0.00,0.00,High
9A_pos,0.00,0.00,High
9B_pos,0.63,0.42,High
10_pos,0.00,0.00,High
11_pos,-0.83,0.83,High
12_pos,0.00,0.00,High
13_pos,0.00,0.00,High
14_pos,0.22,1.04,High
adjusted $R^2$,0.12,,High
