Variable,Coef,SE,Complexity
const,0.08*,0.04,Low
S&P500 Log Return,-2.91***,0.15,Low
Total Assets,0.00,0.00,Low
sic_0,0.07,0.08,Low
sic_1,-0.09,0.06,Low
sic_2,0.06,0.04,Low
sic_3,0.02,0.04,Low
sic_4,0.03,0.06,Low
sic_5,-0.06,0.05,Low
sic_6,0.02,0.04,Low
sic_7,-0.01,0.05,Low
sic_8,-0.11*,0.06,Low
sic_9,0.15,0.33,Low
1_neg,0.00,0.03,Low
1A_neg,-0.08**,0.03,Low
1B_neg,-0.02,0.03,Low
2_neg,0.01,0.03,Low
3_neg,0.02,0.04,Low
4_neg,0.01,0.03,Low
5_neg,0.03,0.04,Low
6_neg,0.07**,0.03,Low
7_neg,0.04,0.03,Low
7A_neg,-0.02,0.03,Low
8_neg,-0.05,0.03,Low
9_neg,0.07**,0.03,Low
9A_neg,-0.02,0.03,Low
9B_neg,-0.01,0.03,Low
10_neg,-0.04,0.04,Low
11_neg,0.02,0.03,Low
12_neg,-0.01,0.03,Low
13_neg,0.02,0.03,Low
14_neg,-0.04,0.03,Low
15_neg,-0.07**,0.03,Low
1_pos,0.00,0.00,Low
1A_pos,0.00,0.00,Low
1B_pos,0.00,0.00,Low
2_pos,0.00,0.00,Low
3_pos,0.00,0.00,Low
4_pos,0.00,0.00,Low
5_pos,0.00,0.00,Low
6_pos,0.00,0.00,Low
7_pos,0.00,0.00,Low
7A_pos,0.00,0.00,Low
8_pos,0.00,0.00,Low
9_pos,0.00,0.00,Low
9A_pos,0.00,0.00,Low
9B_pos,0.00,0.00,Low
10_pos,0.00,0.00,Low
11_pos,0.00,0.00,Low
12_pos,0.00,0.00,Low
13_pos,0.00,0.00,Low
14_pos,0.00,0.00,Low
15_pos,0.00,0.00,Low
adjusted $R^2$,0.07,,Low
const,0.14***,0.04,High
S&P500 Log Return,-4.24***,0.14,High
Total Assets,0.00,0.00,High
sic_0,0.22**,0.09,High
sic_1,-0.08,0.06,High
sic_2,0.01,0.04,High
sic_3,0.04,0.04,High
sic_4,0.06,0.05,High
sic_5,0.01,0.05,High
sic_6,0.14***,0.04,High
sic_7,0.03,0.04,High
sic_8,0.01,0.06,High
sic_9,-0.29,0.33,High
1_neg,0.03,0.03,High
1A_neg,0.04,0.03,High
1B_neg,-0.00,0.03,High
2_neg,-0.02,0.03,High
3_neg,0.00,0.03,High
4_neg,-0.03,0.03,High
5_neg,0.04,0.03,High
6_neg,-0.02,0.03,High
7_neg,-0.02,0.03,High
7A_neg,-0.00,0.03,High
8_neg,-0.04,0.03,High
9_neg,0.00,0.03,High
9A_neg,-0.00,0.03,High
9B_neg,0.04,0.03,High
10_neg,0.01,0.03,High
11_neg,0.00,0.03,High
12_neg,-0.04,0.03,High
13_neg,-0.06**,0.03,High
14_neg,0.01,0.03,High
15_neg,-0.06*,0.03,High
1_pos,0.00,0.00,High
1A_pos,0.00,0.00,High
1B_pos,0.00,0.00,High
2_pos,0.00,0.00,High
3_pos,0.00,0.00,High
4_pos,0.00,0.00,High
5_pos,0.00,0.00,High
6_pos,0.00,0.00,High
7_pos,0.00,0.00,High
7A_pos,0.00,0.00,High
8_pos,0.00,0.00,High
9_pos,0.00,0.00,High
9A_pos,0.00,0.00,High
9B_pos,0.00,0.00,High
10_pos,0.00,0.00,High
11_pos,0.00,0.00,High
12_pos,0.00,0.00,High
13_pos,0.00,0.00,High
14_pos,0.00,0.00,High
15_pos,0.00,0.00,High
adjusted $R^2$,0.11,,High
