Variable,Coef,SE,Complexity
const,0.04**,0.01,Low
1_neg,-0.07,0.63,Low
1A_neg,-0.23***,0.04,Low
1B_neg,0.00,0.00,Low
2_neg,-0.00,0.00,Low
3_neg,-0.31,0.77,Low
4_neg,0.00,0.00,Low
5_neg,0.00,0.00,Low
6_neg,0.00,0.00,Low
7_neg,-0.17,0.14,Low
7A_neg,0.10,0.34,Low
8_neg,0.00,0.00,Low
9_neg,-0.00,0.00,Low
9A_neg,0.00,0.00,Low
9B_neg,0.00,0.00,Low
10_neg,0.00,0.00,Low
11_neg,0.00,0.00,Low
12_neg,0.00,0.00,Low
13_neg,0.00,0.00,Low
14_neg,0.00,0.00,Low
1_pos,-0.07,0.06,Low
1A_pos,-0.08,0.20,Low
1B_pos,0.00,0.00,Low
2_pos,-0.38,0.41,Low
3_pos,0.00,0.00,Low
4_pos,1.11,1.08,Low
5_pos,0.00,0.00,Low
6_pos,-0.08,0.63,Low
7_pos,-0.12**,0.06,Low
7A_pos,-0.05,0.34,Low
8_pos,0.00,0.00,Low
9_pos,0.00,0.00,Low
9A_pos,0.00,0.00,Low
9B_pos,0.22,0.77,Low
10_pos,0.00,0.00,Low
11_pos,-0.04,1.08,Low
12_pos,0.00,0.00,Low
13_pos,0.00,0.00,Low
14_pos,0.00,0.00,Low
adjusted $R^2$,0.00,,Low
const,0.00,0.01,High
1_neg,-1.07***,0.37,High
1A_neg,-0.10***,0.03,High
1B_neg,0.00,0.00,High
2_neg,0.00**,0.00,High
3_neg,0.00,0.00,High
4_neg,-0.00,0.00,High
5_neg,0.00*,0.00,High
6_neg,-0.16,0.68,High
7_neg,-0.07,0.12,High
7A_neg,-0.02,0.22,High
8_neg,-0.00,0.00,High
9_neg,0.00,0.00,High
9A_neg,-0.58,0.96,High
9B_neg,-0.36,0.96,High
10_neg,0.00,0.00,High
11_neg,-1.28,0.96,High
12_neg,-0.00,0.00,High
13_neg,-0.00,0.00,High
14_neg,-0.00,0.00,High
1_pos,-0.05,0.04,High
1A_pos,0.07,0.12,High
1B_pos,-0.00,0.00,High
2_pos,-0.90**,0.43,High
3_pos,0.13,0.96,High
4_pos,0.00,0.00,High
5_pos,0.00,0.00,High
6_pos,-0.02,0.29,High
7_pos,0.02,0.04,High
7A_pos,-0.02,0.26,High
8_pos,-0.30,0.96,High
9_pos,0.00,0.00,High
9A_pos,-0.19,0.96,High
9B_pos,0.09,0.34,High
10_pos,1.51,0.96,High
11_pos,-0.19,0.43,High
12_pos,0.00,0.00,High
13_pos,0.00,0.00,High
14_pos,0.00,0.00,High
adjusted $R^2$,0.00,,High
