Variable,Coef,SE,Complexity
const,0.04*,0.02,Low
1_neg,0.65,0.94,Low
1A_neg,0.02,0.07,Low
1B_neg,-0.00,0.00,Low
2_neg,-0.00,0.00,Low
3_neg,-0.07,1.15,Low
4_neg,0.00,0.00,Low
5_neg,0.00,0.00,Low
6_neg,-0.00,0.00,Low
7_neg,0.24,0.21,Low
7A_neg,0.05,0.52,Low
8_neg,0.00,0.00,Low
9_neg,-0.00*,0.00,Low
9A_neg,0.00,0.00,Low
9B_neg,0.00,0.00,Low
10_neg,0.00,0.00,Low
11_neg,0.00,0.00,Low
12_neg,0.00,0.00,Low
13_neg,0.00,0.00,Low
14_neg,0.00,0.00,Low
1_pos,0.20**,0.08,Low
1A_pos,0.47,0.30,Low
1B_pos,0.00,0.00,Low
2_pos,0.19,0.62,Low
3_pos,0.00,0.00,Low
4_pos,2.11,1.63,Low
5_pos,0.00,0.00,Low
6_pos,-0.61,0.94,Low
7_pos,-0.03,0.09,Low
7A_pos,-0.26,0.51,Low
8_pos,0.00,0.00,Low
9_pos,0.00,0.00,Low
9A_pos,0.00,0.00,Low
9B_pos,0.15,1.15,Low
10_pos,0.00,0.00,Low
11_pos,-1.65,1.63,Low
12_pos,0.00,0.00,Low
13_pos,0.00,0.00,Low
14_pos,0.00,0.00,Low
adjusted $R^2$,-0.00,,Low
const,0.08***,0.02,High
1_neg,-0.67,0.57,High
1A_neg,-0.07,0.05,High
1B_neg,-0.00,0.00,High
2_neg,0.00,0.00,High
3_neg,0.00,0.00,High
4_neg,-0.00,0.00,High
5_neg,0.00,0.00,High
6_neg,-1.15,1.07,High
7_neg,0.45**,0.19,High
7A_neg,0.12,0.35,High
8_neg,0.00,0.00,High
9_neg,0.00,0.00,High
9A_neg,-2.09,1.51,High
9B_neg,0.05,1.52,High
10_neg,-0.00,0.00,High
11_neg,-2.30,1.51,High
12_neg,-0.00,0.00,High
13_neg,-0.00,0.00,High
14_neg,-0.00,0.00,High
1_pos,0.02,0.06,High
1A_pos,-0.07,0.19,High
1B_pos,-0.00,0.00,High
2_pos,-0.96,0.68,High
3_pos,1.01,1.51,High
4_pos,0.00,0.00,High
5_pos,0.00,0.00,High
6_pos,0.01,0.46,High
7_pos,0.00,0.06,High
7A_pos,0.26,0.41,High
8_pos,0.05,1.51,High
9_pos,0.00,0.00,High
9A_pos,-1.28,1.51,High
9B_pos,-0.56,0.54,High
10_pos,-1.33,1.51,High
11_pos,-0.21,0.68,High
12_pos,0.00,0.00,High
13_pos,0.00,0.00,High
14_pos,0.00,0.00,High
adjusted $R^2$,-0.00,,High
