Variable,Coef,SE,Complexity
const,0.05***,0.01,Low
1_neg,0.04,0.44,Low
1A_neg,-0.11***,0.03,Low
1B_neg,0.00,0.00,Low
2_neg,-0.00,0.00,Low
3_neg,-0.18,0.53,Low
4_neg,0.00,0.00,Low
5_neg,-0.00,0.00,Low
6_neg,0.00,0.00,Low
7_neg,-0.11,0.10,Low
7A_neg,0.06,0.24,Low
8_neg,0.00,0.00,Low
9_neg,-0.00,0.00,Low
9A_neg,0.00,0.00,Low
9B_neg,0.00,0.00,Low
10_neg,0.00,0.00,Low
11_neg,0.00,0.00,Low
12_neg,0.00,0.00,Low
13_neg,0.00,0.00,Low
14_neg,0.00,0.00,Low
1_pos,0.01,0.04,Low
1A_pos,-0.12,0.14,Low
1B_pos,0.00,0.00,Low
2_pos,-0.24,0.29,Low
3_pos,0.00,0.00,Low
4_pos,0.72,0.75,Low
5_pos,0.00,0.00,Low
6_pos,-0.10,0.44,Low
7_pos,-0.07,0.04,Low
7A_pos,-0.04,0.24,Low
8_pos,0.00,0.00,Low
9_pos,0.00,0.00,Low
9A_pos,0.00,0.00,Low
9B_pos,0.06,0.53,Low
10_pos,0.00,0.00,Low
11_pos,0.00,0.75,Low
12_pos,0.00,0.00,Low
13_pos,0.00,0.00,Low
14_pos,0.00,0.00,Low
adjusted $R^2$,0.00,,Low
const,0.04***,0.01,High
1_neg,-0.67**,0.26,High
1A_neg,-0.05**,0.02,High
1B_neg,0.00,0.00,High
2_neg,0.00**,0.00,High
3_neg,0.00,0.00,High
4_neg,-0.00,0.00,High
5_neg,0.00,0.00,High
6_neg,-0.11,0.48,High
7_neg,-0.01,0.09,High
7A_neg,-0.07,0.16,High
8_neg,-0.00,0.00,High
9_neg,0.00,0.00,High
9A_neg,0.25,0.68,High
9B_neg,0.16,0.68,High
10_neg,0.00,0.00,High
11_neg,-0.32,0.68,High
12_neg,-0.00,0.00,High
13_neg,0.00,0.00,High
14_neg,-0.00,0.00,High
1_pos,-0.01,0.03,High
1A_pos,0.07,0.09,High
1B_pos,0.00,0.00,High
2_pos,-0.44,0.30,High
3_pos,-0.05,0.68,High
4_pos,0.00,0.00,High
5_pos,0.00,0.00,High
6_pos,-0.01,0.21,High
7_pos,0.02,0.03,High
7A_pos,-0.04,0.18,High
8_pos,-0.20,0.68,High
9_pos,0.00,0.00,High
9A_pos,-0.08,0.68,High
9B_pos,0.18,0.24,High
10_pos,0.65,0.68,High
11_pos,-0.16,0.30,High
12_pos,0.00,0.00,High
13_pos,0.00,0.00,High
14_pos,0.00,0.00,High
adjusted $R^2$,-0.00,,High
