Variable,Coef,SE,Complexity
const,0.01,0.01,Low
1_neg,-1.53,1.09,Low
1A_neg,-0.33***,0.11,Low
1B_neg,0.00,0.00,Low
2_neg,0.00,0.00,Low
3_neg,0.00,0.00,Low
4_neg,-0.00,0.00,Low
5_neg,0.00,0.00,Low
6_neg,-0.00*,0.00,Low
7_neg,-0.24,0.16,Low
7A_neg,0.36,0.49,Low
8_neg,0.00,0.00,Low
9_neg,0.00,0.00,Low
9A_neg,0.00,0.00,Low
9B_neg,0.00,0.00,Low
10_neg,0.00,0.00,Low
11_neg,0.00,0.00,Low
12_neg,0.00,0.00,Low
13_neg,0.00,0.00,Low
14_neg,0.00,0.00,Low
1_pos,-0.36,0.25,Low
1A_pos,-1.03*,0.54,Low
1B_pos,0.00,0.00,Low
2_pos,0.00,0.00,Low
3_pos,0.00,0.00,Low
4_pos,0.00,0.00,Low
5_pos,0.00,0.00,Low
6_pos,0.00,0.00,Low
7_pos,-0.35***,0.11,Low
7A_pos,0.68,0.77,Low
8_pos,0.00,0.00,Low
9_pos,0.00,0.00,Low
9A_pos,0.00,0.00,Low
9B_pos,0.00,0.00,Low
10_pos,0.00,0.00,Low
11_pos,-0.02,1.09,Low
12_pos,0.00,0.00,Low
13_pos,0.00,0.00,Low
14_pos,0.00,0.00,Low
adjusted $R^2$,0.00,,Low
const,-0.01,0.01,High
1_neg,-0.27,0.97,High
1A_neg,-0.11*,0.06,High
1B_neg,0.00,0.00,High
2_neg,0.00,0.00,High
3_neg,0.00,0.00,High
4_neg,-0.00,0.00,High
5_neg,-0.00,0.00,High
6_neg,-0.09,0.39,High
7_neg,-0.15,0.14,High
7A_neg,-0.04,0.30,High
8_neg,-0.00,0.00,High
9_neg,-0.00,0.00,High
9A_neg,-0.66,0.96,High
9B_neg,-0.27,0.97,High
10_neg,0.00,0.00,High
11_neg,0.00,0.00,High
12_neg,0.00,0.00,High
13_neg,0.00,0.00,High
14_neg,0.00,0.00,High
1_pos,-0.16,0.18,High
1A_pos,0.64,0.39,High
1B_pos,0.00,0.00,High
2_pos,0.00,0.00,High
3_pos,0.00,0.00,High
4_pos,0.00,0.00,High
5_pos,0.00,0.00,High
6_pos,0.00,0.00,High
7_pos,-0.03,0.07,High
7A_pos,-0.10,0.43,High
8_pos,0.00,0.00,High
9_pos,0.00,0.00,High
9A_pos,0.00,0.00,High
9B_pos,-0.09,0.56,High
10_pos,0.00,0.00,High
11_pos,0.26,0.97,High
12_pos,0.00,0.00,High
13_pos,0.00,0.00,High
14_pos,0.00,0.00,High
adjusted $R^2$,-0.00,,High
