Variable,Coef,SE,Complexity
const,0.04**,0.01,Low
1_neg,-1.39,0.99,Low
1A_neg,-0.28***,0.10,Low
1B_neg,0.00,0.00,Low
2_neg,0.00,0.00,Low
3_neg,0.00,0.00,Low
4_neg,-0.00,0.00,Low
5_neg,0.00,0.00,Low
6_neg,-0.00*,0.00,Low
7_neg,-0.22,0.15,Low
7A_neg,0.27,0.44,Low
8_neg,0.00,0.00,Low
9_neg,0.00,0.00,Low
9A_neg,0.00,0.00,Low
9B_neg,0.00,0.00,Low
10_neg,0.00,0.00,Low
11_neg,0.00,0.00,Low
12_neg,0.00,0.00,Low
13_neg,0.00,0.00,Low
14_neg,0.00,0.00,Low
1_pos,-0.26,0.23,Low
1A_pos,-0.97*,0.49,Low
1B_pos,0.00,0.00,Low
2_pos,0.00,0.00,Low
3_pos,0.00,0.00,Low
4_pos,0.00,0.00,Low
5_pos,0.00,0.00,Low
6_pos,0.00,0.00,Low
7_pos,-0.31***,0.10,Low
7A_pos,0.61,0.70,Low
8_pos,0.00,0.00,Low
9_pos,0.00,0.00,Low
9A_pos,0.00,0.00,Low
9B_pos,0.00,0.00,Low
10_pos,0.00,0.00,Low
11_pos,-0.01,0.99,Low
12_pos,0.00,0.00,Low
13_pos,0.00,0.00,Low
14_pos,0.00,0.00,Low
adjusted $R^2$,0.00,,Low
const,0.01,0.01,High
1_neg,-0.01,0.89,High
1A_neg,-0.09*,0.05,High
1B_neg,-0.00,0.00,High
2_neg,0.00,0.00,High
3_neg,0.00,0.00,High
4_neg,0.00,0.00,High
5_neg,-0.00,0.00,High
6_neg,-0.12,0.36,High
7_neg,-0.10,0.13,High
7A_neg,0.00,0.28,High
8_neg,-0.00,0.00,High
9_neg,-0.00,0.00,High
9A_neg,-0.25,0.88,High
9B_neg,-0.07,0.89,High
10_neg,0.00,0.00,High
11_neg,0.00,0.00,High
12_neg,0.00,0.00,High
13_neg,0.00,0.00,High
14_neg,0.00,0.00,High
1_pos,-0.16,0.16,High
1A_pos,0.71*,0.36,High
1B_pos,0.00,0.00,High
2_pos,0.00,0.00,High
3_pos,0.00,0.00,High
4_pos,0.00,0.00,High
5_pos,0.00,0.00,High
6_pos,0.00,0.00,High
7_pos,-0.03,0.06,High
7A_pos,-0.13,0.39,High
8_pos,0.00,0.00,High
9_pos,0.00,0.00,High
9A_pos,0.00,0.00,High
9B_pos,-0.06,0.51,High
10_pos,0.00,0.00,High
11_pos,0.31,0.88,High
12_pos,0.00,0.00,High
13_pos,0.00,0.00,High
14_pos,0.00,0.00,High
adjusted $R^2$,-0.00,,High
