Variable,Coef,SE,Complexity
const,0.06***,0.01,Low
1_neg,-1.02,0.99,Low
1A_neg,-0.00,0.00,Low
1B_neg,0.30,0.19,Low
2_neg,0.02,0.06,Low
3_neg,0.06,0.06,Low
4_neg,0.07,0.18,Low
5_neg,-0.27,0.44,Low
6_neg,-0.01,0.17,Low
7_neg,0.13,0.70,Low
7A_neg,-0.11**,0.05,Low
8_neg,-0.10*,0.06,Low
9_neg,-0.14,0.10,Low
9A_neg,0.00,0.00,Low
9B_neg,0.04,0.15,Low
10_neg,0.02,0.05,Low
11_neg,-0.12***,0.03,Low
12_neg,-0.02,0.11,Low
13_neg,-0.08,0.14,Low
14_neg,-0.05,0.09,Low
1_pos,-0.00,0.00,Low
1A_pos,0.00,0.00,Low
1B_pos,0.00,0.00,Low
2_pos,0.00,0.00,Low
3_pos,-0.38,0.37,Low
4_pos,-0.07,0.38,Low
5_pos,0.00,0.00,Low
6_pos,0.24,0.44,Low
7_pos,0.00,0.00,Low
7A_pos,0.00,0.00,Low
8_pos,0.00,0.00,Low
9_pos,0.00,0.00,Low
9A_pos,0.00,0.00,Low
9B_pos,0.32,0.36,Low
10_pos,0.00,0.00,Low
11_pos,0.18,0.99,Low
12_pos,0.00,0.00,Low
13_pos,0.00,0.00,Low
14_pos,0.00,0.00,Low
adjusted $R^2$,0.00,,Low
const,0.01,0.01,High
1_neg,0.53,0.44,High
1A_neg,0.00,0.00,High
1B_neg,-0.06,0.19,High
2_neg,-0.07,0.06,High
3_neg,0.03,0.04,High
4_neg,0.07,0.13,High
5_neg,0.59,0.63,High
6_neg,-0.24,0.14,High
7_neg,-0.25,0.44,High
7A_neg,0.08,0.05,High
8_neg,0.02,0.07,High
9_neg,-0.05,0.08,High
9A_neg,-0.00,0.00,High
9B_neg,0.01,0.15,High
10_neg,0.01,0.04,High
11_neg,-0.04,0.03,High
12_neg,-0.14,0.09,High
13_neg,-0.02,0.10,High
14_neg,0.01,0.06,High
1_pos,0.00,0.00,High
1A_pos,0.00,0.00,High
1B_pos,-0.46,0.88,High
2_pos,0.00,0.00,High
3_pos,-0.07,0.38,High
4_pos,-0.67,0.67,High
5_pos,0.00,0.00,High
6_pos,0.49,0.35,High
7_pos,0.00,0.00,High
7A_pos,0.00,0.00,High
8_pos,0.00,0.00,High
9_pos,0.00,0.00,High
9A_pos,0.00,0.00,High
9B_pos,0.65,0.45,High
10_pos,0.00,0.00,High
11_pos,-1.01,0.88,High
12_pos,0.00,0.00,High
13_pos,0.00,0.00,High
14_pos,1.35,1.11,High
adjusted $R^2$,-0.00,,High
