Variable,Coef,SE,Complexity
const,0.04,0.02,Low
1_neg,-0.57,1.63,Low
1A_neg,-0.00,0.00,Low
1B_neg,0.01,0.31,Low
2_neg,0.18*,0.10,Low
3_neg,0.12,0.10,Low
4_neg,0.21,0.29,Low
5_neg,-0.75,0.73,Low
6_neg,0.83***,0.27,Low
7_neg,0.42,1.15,Low
7A_neg,0.12,0.08,Low
8_neg,0.01,0.09,Low
9_neg,-0.23,0.17,Low
9A_neg,0.00,0.00,Low
9B_neg,-0.06,0.24,Low
10_neg,0.00,0.08,Low
11_neg,-0.03,0.06,Low
12_neg,-0.16,0.18,Low
13_neg,0.14,0.23,Low
14_neg,0.13,0.14,Low
1_pos,-0.00,0.00,Low
1A_pos,0.00,0.00,Low
1B_pos,0.00,0.00,Low
2_pos,0.00,0.00,Low
3_pos,0.09,0.62,Low
4_pos,-0.01,0.63,Low
5_pos,0.00,0.00,Low
6_pos,0.02,0.73,Low
7_pos,0.00,0.00,Low
7A_pos,0.00,0.00,Low
8_pos,0.00,0.00,Low
9_pos,0.00,0.00,Low
9A_pos,0.00,0.00,Low
9B_pos,0.49,0.60,Low
10_pos,0.00,0.00,Low
11_pos,1.35,1.63,Low
12_pos,0.00,0.00,Low
13_pos,0.00,0.00,Low
14_pos,0.00,0.00,Low
adjusted $R^2$,0.00,,Low
const,0.09***,0.02,High
1_neg,1.65**,0.76,High
1A_neg,-0.00,0.00,High
1B_neg,0.15,0.32,High
2_neg,-0.00,0.11,High
3_neg,0.01,0.07,High
4_neg,-0.04,0.22,High
5_neg,0.41,1.08,High
6_neg,0.32,0.25,High
7_neg,0.10,0.76,High
7A_neg,0.07,0.09,High
8_neg,0.06,0.12,High
9_neg,0.10,0.14,High
9A_neg,-0.00,0.00,High
9B_neg,0.25,0.26,High
10_neg,0.00,0.06,High
11_neg,-0.11**,0.05,High
12_neg,-0.05,0.15,High
13_neg,0.07,0.17,High
14_neg,-0.17,0.10,High
1_pos,0.00,0.00,High
1A_pos,-0.00,0.00,High
1B_pos,-2.14,1.51,High
2_pos,0.00,0.00,High
3_pos,0.25,0.65,High
4_pos,-1.44,1.15,High
5_pos,0.00,0.00,High
6_pos,0.93,0.60,High
7_pos,0.00,0.00,High
7A_pos,0.00,0.00,High
8_pos,0.00,0.00,High
9_pos,0.00,0.00,High
9A_pos,0.00,0.00,High
9B_pos,0.65,0.77,High
10_pos,0.00,0.00,High
11_pos,-0.53,1.51,High
12_pos,0.00,0.00,High
13_pos,0.00,0.00,High
14_pos,1.14,1.90,High
adjusted $R^2$,0.00,,High
