Variable,Coef,SE,Complexity
const,0.04**,0.02,Low
1_neg,-1.04,1.09,Low
1A_neg,-0.00,0.00,Low
1B_neg,0.32,0.21,Low
2_neg,0.02,0.07,Low
3_neg,0.06,0.07,Low
4_neg,0.09,0.20,Low
5_neg,-0.34,0.49,Low
6_neg,-0.06,0.18,Low
7_neg,-0.05,0.77,Low
7A_neg,-0.16***,0.06,Low
8_neg,-0.13**,0.06,Low
9_neg,-0.16,0.11,Low
9A_neg,0.00,0.00,Low
9B_neg,0.06,0.16,Low
10_neg,0.01,0.05,Low
11_neg,-0.14***,0.04,Low
12_neg,-0.00,0.12,Low
13_neg,-0.09,0.15,Low
14_neg,-0.05,0.10,Low
1_pos,-0.00,0.00,Low
1A_pos,0.00,0.00,Low
1B_pos,0.00,0.00,Low
2_pos,0.00,0.00,Low
3_pos,-0.42,0.41,Low
4_pos,-0.07,0.42,Low
5_pos,0.00,0.00,Low
6_pos,0.42,0.49,Low
7_pos,0.00,0.00,Low
7A_pos,0.00,0.00,Low
8_pos,0.00,0.00,Low
9_pos,0.00,0.00,Low
9A_pos,0.00,0.00,Low
9B_pos,0.54,0.40,Low
10_pos,0.00,0.00,Low
11_pos,0.22,1.09,Low
12_pos,0.00,0.00,Low
13_pos,0.00,0.00,Low
14_pos,0.00,0.00,Low
adjusted $R^2$,0.00,,Low
const,-0.01,0.01,High
1_neg,0.60,0.48,High
1A_neg,0.00,0.00,High
1B_neg,-0.03,0.20,High
2_neg,-0.08,0.07,High
3_neg,0.02,0.05,High
4_neg,0.06,0.14,High
5_neg,0.66,0.69,High
6_neg,-0.25,0.16,High
7_neg,-0.22,0.48,High
7A_neg,0.08,0.06,High
8_neg,0.02,0.07,High
9_neg,-0.07,0.09,High
9A_neg,-0.00,0.00,High
9B_neg,-0.04,0.16,High
10_neg,0.02,0.04,High
11_neg,-0.06*,0.03,High
12_neg,-0.17*,0.09,High
13_neg,-0.00,0.11,High
14_neg,0.00,0.07,High
1_pos,0.00,0.00,High
1A_pos,0.00,0.00,High
1B_pos,-0.59,0.96,High
2_pos,0.00,0.00,High
3_pos,-0.04,0.41,High
4_pos,-0.81,0.73,High
5_pos,0.00,0.00,High
6_pos,0.63,0.38,High
7_pos,0.00,0.00,High
7A_pos,0.00,0.00,High
8_pos,0.00,0.00,High
9_pos,0.00,0.00,High
9A_pos,0.00,0.00,High
9B_pos,0.66,0.49,High
10_pos,0.00,0.00,High
11_pos,-1.01,0.96,High
12_pos,0.00,0.00,High
13_pos,0.00,0.00,High
14_pos,1.31,1.21,High
adjusted $R^2$,0.00,,High
