Variable,Coef,SE,Complexity
const,0.14***,0.02,Low
1_neg,-0.01,0.02,Low
1A_neg,-0.07***,0.02,Low
1B_neg,-0.01,0.02,Low
2_neg,0.00,0.02,Low
3_neg,0.03,0.03,Low
4_neg,0.01,0.02,Low
5_neg,0.01,0.03,Low
6_neg,0.03,0.02,Low
7_neg,0.01,0.02,Low
7A_neg,-0.02,0.02,Low
8_neg,-0.05**,0.02,Low
9_neg,0.05**,0.02,Low
9A_neg,-0.03,0.02,Low
9B_neg,-0.00,0.02,Low
10_neg,-0.03,0.03,Low
11_neg,-0.00,0.02,Low
12_neg,0.01,0.02,Low
13_neg,0.01,0.02,Low
14_neg,-0.05*,0.02,Low
15_neg,-0.07**,0.02,Low
1_pos,0.00,0.00,Low
1A_pos,0.00,0.00,Low
1B_pos,0.00,0.00,Low
2_pos,0.00,0.00,Low
3_pos,0.00,0.00,Low
4_pos,0.00,0.00,Low
5_pos,0.00,0.00,Low
6_pos,0.00,0.00,Low
7_pos,0.00,0.00,Low
7A_pos,0.00,0.00,Low
8_pos,0.00,0.00,Low
9_pos,0.00,0.00,Low
9A_pos,0.00,0.00,Low
9B_pos,0.00,0.00,Low
10_pos,0.00,0.00,Low
11_pos,0.00,0.00,Low
12_pos,0.00,0.00,Low
13_pos,0.00,0.00,Low
14_pos,0.00,0.00,Low
15_pos,0.00,0.00,Low
adjusted $R^2$,0.01,,Low
const,0.17***,0.02,High
1_neg,0.02,0.02,High
1A_neg,0.00,0.02,High
1B_neg,-0.02,0.02,High
2_neg,-0.03,0.02,High
3_neg,0.00,0.02,High
4_neg,-0.03,0.02,High
5_neg,0.02,0.02,High
6_neg,-0.01,0.02,High
7_neg,-0.02,0.02,High
7A_neg,0.00,0.02,High
8_neg,-0.02,0.02,High
9_neg,-0.00,0.02,High
9A_neg,-0.00,0.02,High
9B_neg,0.02,0.02,High
10_neg,-0.01,0.02,High
11_neg,0.01,0.02,High
12_neg,-0.03,0.02,High
13_neg,-0.05**,0.02,High
14_neg,0.02,0.02,High
15_neg,-0.04*,0.02,High
1_pos,0.00,0.00,High
1A_pos,0.00,0.00,High
1B_pos,0.00,0.00,High
2_pos,0.00,0.00,High
3_pos,0.00,0.00,High
4_pos,0.00,0.00,High
5_pos,0.00,0.00,High
6_pos,0.00,0.00,High
7_pos,0.00,0.00,High
7A_pos,0.00,0.00,High
8_pos,0.00,0.00,High
9_pos,0.00,0.00,High
9A_pos,0.00,0.00,High
9B_pos,0.00,0.00,High
10_pos,0.00,0.00,High
11_pos,0.00,0.00,High
12_pos,0.00,0.00,High
13_pos,0.00,0.00,High
14_pos,0.00,0.00,High
15_pos,0.00,0.00,High
adjusted $R^2$,0.01,,High
